{
  "hash": "e20f2350",
  "configHash": "f103731c",
  "lockfileHash": "009b192b",
  "browserHash": "4a3b3045",
  "optimized": {
    "@angular/common": {
      "src": "../../../../../../node_modules/@angular/common/fesm2022/common.mjs",
      "file": "@angular_common.js",
      "fileHash": "8ccb5d83",
      "needsInterop": false
    },
    "@angular/common/http": {
      "src": "../../../../../../node_modules/@angular/common/fesm2022/http.mjs",
      "file": "@angular_common_http.js",
      "fileHash": "8b4603fe",
      "needsInterop": false
    },
    "@angular/core": {
      "src": "../../../../../../node_modules/@angular/core/fesm2022/core.mjs",
      "file": "@angular_core.js",
      "fileHash": "8af41c17",
      "needsInterop": false
    },
    "@angular/forms": {
      "src": "../../../../../../node_modules/@angular/forms/fesm2022/forms.mjs",
      "file": "@angular_forms.js",
      "fileHash": "51e75fd9",
      "needsInterop": false
    },
    "@angular/platform-browser": {
      "src": "../../../../../../node_modules/@angular/platform-browser/fesm2022/platform-browser.mjs",
      "file": "@angular_platform-browser.js",
      "fileHash": "6bf1a613",
      "needsInterop": false
    },
    "@angular/platform-server": {
      "src": "../../../../../../node_modules/@angular/platform-server/fesm2022/platform-server.mjs",
      "file": "@angular_platform-server.js",
      "fileHash": "4c22ded9",
      "needsInterop": false
    },
    "rxjs": {
      "src": "../../../../../../node_modules/rxjs/dist/cjs/index.js",
      "file": "rxjs.js",
      "fileHash": "554475cb",
      "needsInterop": true
    }
  },
  "chunks": {
    "chunk-5U34YNWY": {
      "file": "chunk-5U34YNWY.js"
    },
    "chunk-4JT7VILW": {
      "file": "chunk-4JT7VILW.js"
    },
    "chunk-CIB77MNN": {
      "file": "chunk-CIB77MNN.js"
    },
    "chunk-EIEGMLYI": {
      "file": "chunk-EIEGMLYI.js"
    },
    "chunk-U66U6LJ5": {
      "file": "chunk-U66U6LJ5.js"
    },
    "xhr2-ISERFGGE": {
      "file": "xhr2-ISERFGGE.js"
    },
    "chunk-NQ4HTGF6": {
      "file": "chunk-NQ4HTGF6.js"
    }
  }
}